{
    "zface": {
        "view": "standard"
    },
    "zdoc": {
        "00000001003_1": {
            "name": "Passport",
            "view": "passport_half_frame"
        },
        "00630000001_1": {
            "name": "UMID",
            "view": "standard_frame"
        },
        "00630000002_1": {
            "name": "TIN ID",
            "view": "standard_frame"
        },
        "00630000004_1": {
            "name": "Driver's License",
            "view": "standard_frame"
        },
        "00630000024_1": {
            "name": "Philhealth Card",
            "view": "standard_frame"
        },
        "00630000020_1": {
            "name": "SSS ID",
            "view": "standard_frame"
        },
        "00600000001_1": {
            "name": "MyKad",
            "view": "standard_frame"
        },
        "00620000001_1": {
            "name": "eKTP/KTP",
            "view": "standard_frame"
        },
        "08520000001_1": {
            "name": "First Generation ID Card",
            "view": "standard_frame"
        },
        "08520000002_1": {
            "name": "Second Generation ID Card",
            "view": "standard_frame"
        },
        "08530000001_1": {
            "name": "ID Card Front",
            "view": "standard_frame"
        },
        "08530000001_2": {
            "name": "ID Card Back",
            "view": "standard_frame"
        },
        "08800000001_1": {
            "name": "SmartCard/NIDCard Front",
            "view": "standard_frame"
        },
        "08800000001_2": {
            "name": "SmartCard/NIDCard Back",
            "view": "standard_frame"
        }
    }
}