{
    "color": {
        "titlebar_color": "#ffffffff",
        "title_color": "#ff000000",
        "dialog_cancel": "#ff3696fd",
        "dialog_ok": "#ff3696fd",
        "zdoc_line_color": "#ffffffff",
        "zdoc_line_cornor_color": "#ffffffff",
        "zdoc_message_view_bg_color": "#ffffffff",
        "zdoc_retake_bg": "#ffffffff",
        "zdoc_message_tips_color": "#ff4a4a4a",
        "zdoc_confirm_btn_normal_color": "#ff3696fd",
        "zdoc_confirm_btn_press_color": "#ff3696fd",
        "zdoc_retake_text_color": "#ff3696fd",
        "zdoc_retake_border_color": "#ff3696fd",
        "zdoc_submit_border_color": "#ff3696fd",
        "zdoc_submit_bg": "#ff3696fd",
        "brand_text_color": "#ffaaaaaa",
        "zdoc_submit_text_color": "#ffffffff",
        "zface_progress_start_color": "#ff3696fd",
        "zface_progress_end_color": "#ff3696fd"
    },
    "image": {
        "title_bar_back": "img/img-back-black.png"
    }
}